id,created_date
1,2023-09-28 22:57:41
2,2023-09-29 10:08:29
3,2023-09-29 10:22:00
4,2023-11-02 19:49:59
5,2023-11-20 12:07:33
6,2023-11-22 12:44:21
7,2023-11-24 19:21:32
8,2023-12-01 16:39:44
9,2023-12-04 14:31:24
10,2023-12-20 13:58:11
11,2024-01-18 14:00:47
12,2024-01-19 13:46:38
13,2024-01-26 13:44:52
14,2024-01-31 12:13:11
15,2024-01-31 12:57:24
16,2024-01-31 15:09:43
17,2024-01-31 15:09:43
18,2024-01-31 15:10:27
19,2024-01-31 15:10:40
20,2024-02-01 07:36:28
21,2024-02-01 13:29:32
22,2024-02-04 12:37:24
23,2024-02-10 11:51:43
24,2024-02-21 10:13:56
25,2024-02-21 10:54:03
26,2024-02-27 08:05:00
27,2024-02-29 09:56:47
28,2024-05-02 06:47:25
29,2024-05-02 12:04:42
30,2024-05-06 07:45:00
31,2024-05-06 07:46:10
32,2024-05-06 07:47:02
33,2024-05-06 07:56:17
34,2024-05-15 09:34:05
35,2024-06-04 08:05:36
36,2024-06-10 08:33:31
37,2024-06-24 09:46:14
38,2024-07-02 08:17:04
39,2024-09-23 14:51:45
40,2024-11-05 18:44:07
41,2024-11-06 13:19:10
42,2024-11-06 13:29:33
